Product,Category,Sales,Units
Mouse,Accessories,1300,1
Filing Cabinet,Furniture,24100,4
Keyboard,Accessories,28800,11
Headphones,Electronics,44300,10
Smartphone,Electronics,66100,2
Smartphone,Electronics,296000,9
Air Fryer,Home Appliances,31700,4
Pen Set,Office Supplies,3500,13
USB Hub,Accessories,17700,12
Pen Set,Office Supplies,700,3
Running Shoes,Sports,8300,2
Keyboard,Accessories,16000,6
Notebook,Office Supplies,2100,13
Skincare Kit,Personal Care,15000,9
Dumbbells,Sports,5100,2
Football,Sports,16900,10
Smartwatch,Electronics,12400,1
Printer,Office Supplies,30000,2
Keyboard,Accessories,16700,7
Football,Sports,5300,3
Desk,Furniture,125800,11
Smartwatch,Electronics,123200,10
Filing Cabinet,Furniture,19400,3
Pen Set,Office Supplies,3900,15
Bookshelf,Furniture,74300,11
Tablet,Electronics,119200,4
Stapler,Office Supplies,2300,7
Desk,Furniture,195900,15
Stapler,Office Supplies,1400,4
Coffee Maker,Home Appliances,105600,15
Skincare Kit,Personal Care,5100,3
Filing Cabinet,Furniture,79000,12
Notebook,Office Supplies,2200,12
Coffee Maker,Home Appliances,36800,6
Backpack,Accessories,19800,9
Tablet,Electronics,361400,14
USB Hub,Accessories,20200,13
Smartwatch,Electronics,82000,7
Skincare Kit,Personal Care,15400,9
Laptop,Electronics,746600,11
Pen Set,Office Supplies,3300,13
Mouse,Accessories,5900,5
Skincare Kit,Personal Care,2000,1
Notebook,Office Supplies,1700,9
Keyboard,Accessories,35900,14
Office Chair,Furniture,24900,3
USB Hub,Accessories,14700,9
Laptop,Electronics,627100,10
Smartphone,Electronics,76000,2
Calculator,Office Supplies,3300,4
Headphones,Electronics,9400,2
Smartwatch,Electronics,157000,13
Backpack,Accessories,6800,3
USB Hub,Accessories,7500,5
Mixer Grinder,Home Appliances,23900,4
Office Chair,Furniture,98200,12
Football,Sports,15600,8
Electric Kettle,Home Appliances,4200,2
Smartwatch,Electronics,65100,6
Bookshelf,Furniture,66100,10
Smartwatch,Electronics,147800,12
Bookshelf,Furniture,15100,2
Running Shoes,Sports,9000,2
Pen Set,Office Supplies,2700,11
Backpack,Accessories,28700,12
Perfume,Personal Care,10600,4
Air Fryer,Home Appliances,29400,4
Mixer Grinder,Home Appliances,32500,6
Skincare Kit,Personal Care,26400,14
Keyboard,Accessories,2500,1
Running Shoes,Sports,62700,13
Filing Cabinet,Furniture,24400,4
Electric Kettle,Home Appliances,6500,3
Pen Set,Office Supplies,1900,8
Smartwatch,Electronics,101900,8
Keyboard,Accessories,2600,1
Laptop,Electronics,141100,2
Filing Cabinet,Furniture,19100,3
Perfume,Personal Care,10700,4
Tablet,Electronics,82000,3
Dumbbells,Sports,13600,5
Skincare Kit,Personal Care,8900,5
Hair Dryer,Personal Care,9000,3
Desk,Furniture,12200,1
Tablet,Electronics,323500,12
Tablet,Electronics,278700,10
USB Hub,Accessories,1600,1
Headphones,Electronics,59000,14
Smartwatch,Electronics,141600,11
Coffee Maker,Home Appliances,14100,2
Filing Cabinet,Furniture,66200,10
Headphones,Electronics,32500,7
Stapler,Office Supplies,5000,15
Stapler,Office Supplies,1300,4
Backpack,Accessories,24900,11
Skincare Kit,Personal Care,11700,6
Smartwatch,Electronics,11900,1
Keyboard,Accessories,5000,2
Notebook,Office Supplies,600,3
Smartwatch,Electronics,170800,15
